{"CH3OCH3": -2.6449902836000003, "isobutene": -1.0314444784000003, "CH3CH2OH": -3.1390299947999996, "H2CCO": -0.6522148296999999, "CH3COOH": -4.9735762677999995, "butadiene": 0.5157431622, "CH3NO2": -1.2033984424000002, "CH2NHCH2": 0.7007904246000001, "C3H8": -2.0137387983999995, "CH3OH": -2.5612371763999997, "CH2OCH2": 0.20884484250000007, "CCH": 5.9467580060000005, "CH3CH2NH2": -1.3587621809999997, "N2O": 0.7859115845, "C3H6_Cs": -0.4329785557999999, "O3": 1.4669472951, "NO2": 0.3237622626, "CH2_s1A1d": 4.0503571514, "NH": 3.7205737912, "NCCN": 3.2267583256999997, "CH3O": 0.047643500799999905, "H2O2": -1.663398457, "cyclobutene": 0.9645856892000001, "NO": 0.9424228842000001, "OCHCHO": -2.4246924911999996, "cyclobutane": -0.6179842676, "CH3CN": 0.3495132242, "C2H2": 2.2528667476, "CH3": 1.3346758824, "CH4": -1.1606612493, "CH3COCH3": -2.9355666830000002, "CH": 6.259502856599999, "CO": -1.1054879310999999, "CN": 4.6336565044, "isobutane": -2.534147224, "C4H4O": -0.8404652759999999, "C3H4_C3v": 1.5449676088, "NH3": -0.8158049333000003, "NH2": 1.8087903554, "CH3CHO": -2.201883978, "C2H6": -1.5311162593999998, "C2H4": 0.15986496330000005, "HCN": 1.3180534233999999, "HCO": 0.4427363017000001, "CH3CONH2": -3.08839951, "H3CNH2": -0.8594716284, "CO2": -4.1280012214, "OH": 0.33830383649999995, "methylenecyclopropane": 1.4626577322000003, "C6H6": 0.16436255919999976, "N2H4": 0.43589367220000014, "C4H4NH": 0.5075265047999997, "H2O": -2.7126289694, "H2CCHCN": 1.5657396552, "HCOOH": -4.2065165988999995, "H2CO": -1.3050819866}